id,title,path,body,image,icon,featured_video,external_resource_uri,external_resource_title,news_feed,blog_feed,talking_points_uri,talking_points_title,qa_uri,qa_title,publications_uri,publications_title,research_uri,research_title,webcasts_uri,webcasts_title,events_uri,events_title,videos_uri,videos_title,internal_resources_uri,internal_resources_title
7,Badges,/focus-areas/emerging-tech/badges,"<h3>Recent News on<br /> Digital Badges</h3> <ul> <li><a href=""http://delicious.com/wcet/badges"" target=""_blank"">something went wrong</a></li> <li><a href=""http://chronicle.com/blogs/wiredcampus/can-digital-badges-help-encourage-professors-to-take-teaching-workshops/56901?cid=at&amp;utm_source=at&amp;utm_medium=en"" target=""_blank"">Can Digital Badges Help Encourage Professors to Take Teaching Workshops?</a></li> <li><a href=""https://www.insidehighered.com/blogs/technology-and-learning/uber-badging-and-higher-ed"" target=""_blank"">Uber, Badging and Higher Ed</a></li> <li><a href=""http://www.nytimes.com/2015/03/08/upshot/true-reform-in-higher-education-when-online-degrees-are-seen-as-official.html?abt=0002&amp;abg=1&amp;_r=0"" target=""_blank"">Here&rsquo;s What Will Truly Change Higher Education: Online Degrees That Are Seen as Official</a></li> <li><a href=""http://campustechnology.com/articles/2015/01/27/showcasing-the-co-curricular-with-eportfolios-and-digital-badges.aspx"" target=""_blank"">Showcasing the Co-Curricular: ePortfolios and Digital Badges</a></li> </ul> <h3>Resources</h3> <p><a href=""http://badgealliance.org/"" target=""_blank"">The Badge Alliance.</a></p> <p><a href=""http://event.on24.com/eventRegistration/EventLobbyServlet?target=lobby.jsp&amp;eventid=736926&amp;sessionid=1&amp;key=6A0F8179541A78BF36D7E9DB321B4BF2&amp;eventuserid=93478502%5D"" target=""_blank"">Designing Your Open Digital Badge Ecosystem.</a></p> <p><a href=""http://www.hastac.org/digital-badges-bibliography"" target=""_blank"">Digital Badges Bibliography by HASTAC</a>.</p> <p><a href=""https://wiki.mozilla.org/images/5/59/OpenBadges-Working-Paper_012312.pdf"" target=""_blank"">Open Badges for Lifelong Learning by Mozilla Foundation and Peer 2 Peer University in collaboration with the MacArthur Foundation</a>.</p> <p><a href=""http://www.educause.edu/library/resources/7-things-you-should-know-about-badges"" target=""_blank"">7 Things You Should Know About Badges</a>.</p> <h3>Badges</h3> <p>A badge is a symbol or indicator of an accomplishment, skill, competency or interest. Badges provide evidence of learning that happens in and beyond the classroom. Badges give prospective employers, professional groups, community groups, schools, collaborators and other learners a more complete picture of knowledge, skills, and abilities. Badges are certified by a learning provider - either formal or informal - and digital badges contain the certifying metadata which validates the accomplishment.</p> <p>Mozilla has created a platform to help badge users and issuers track their badges. <a href=""http://openbadges.org/"" target=""_blank"">OpenBadges</a> is free software developed on an open technical standard that anyone can use to create, issue and verify badges. It also offers badge earners a &#39;badge backpack&#39; in which to aggregate their badges to share with educators or employers.</p> <h2>WCET Videos</h2> <p><a href=""https://www.youtube.com/playlist?list=PLMoUVYggd4dNBbL3nl6gk661faR1bN7Yi"" target=""_blank"">Badges: New Currency for Professional Credentials Videos</a></p> <h2>Frontiers Blogs</h2> <ul> <li><a href=""http://wcetblog.wordpress.com/2013/11/06/vlog-anne-derryberry/"" target=""_blank"">WCET Video Interview: Anne Derryberry</a></li> <li><a href=""http://wcetblog.wordpress.com/2013/10/10/badgescreditsaccreditation/"" target=""_blank"">Badges, Credits and Accreditation</a></li> <li><a href=""http://wcetblog.wordpress.com/2013/08/28/badges-new-currency-for-professional-credentials/"" target=""_blank"">Badges: New Currency for Professional Credentials</a></li> </ul> <p>&nbsp;</p>",-,,https://www.youtube.com/playlist?list=PLMoUVYggd4dNBbL3nl6gk661faR1bN7Yi,"http://www.badgealliance.org/,http://www.hastac.org/digital-badges-bibliography,https://www.wiki.mozilla.org/images/5/59/OpenBadges-Working-Paper_012312.pdf,http://www.educause.edu/library/resources/7-things-you-should-know-about-badges,","The Badge Alliance,Digital Badges Bibliography by HASTAC,Open Badges by Lifelong Learning,7 Things You Should Know About Badges","http://www.delicious.com/wcet/badges,http://www.chronicle.com/blogs/wiredcampus/can-digital-badges-help-encourage-professors-to-take-teaching-workshops/56901?cid=at&amp;utm_source=at&amp;utm_medium=en,https://www.insidehighered.com/blogs/technology-and-learning/uber-badging-and-higher-ed,http://www.nytimes.com/2015/03/08/upshot/true-reform-in-higher-education-when-online-degrees-are-seen-as-official.html,http://campustechnology.com/articles/2015/01/27/showcasing-the-co-curricular-with-eportfolios-and-digital-badges.aspx ","http://www.wcetblog.wordpress.com/2013/11/06/vlog-anne-derryberry/,http://www.wcetblog.wordpress.com/2013/10/10/badgescreditsaccreditation/,http://www.wcetblog.wordpress.com/2013/08/28/badges-new-currency-for-professional-credentials/",,,,,,,,,,,,,,,,
8,Mobile Learning,/focus-areas/emerging-tech/mobile-learning,"<h3>Mobile Learning</h3> <p>A May 2013 study by the <a href=""http://pewinternet.org/Commentary/2012/February/Pew-Internet-Mobile.aspx"" target=""_blank"">Pew Internet &amp; American Life Project</a> found that 34 percent of cell internet users go online mostly using their mobile devices. For higher education, this implies that it is becoming ever more important that our course offerings and materials be accessible by mobile device. Mobile learning offers institutions the ability to deliver education in the just-in-time manner in which students use their mobile devices.</p>",250,,,"http://www.emergingtech.tbr.edu/,http://www.mobileapps.merlot.org/find/teachinglearning.html","TBR Mobilization & Emerging Technology,maMerlot",,,,,,,,,,,,,,,https://www.youtube.com/watch?v=NWwx0nk6oO0,Conversations about Mobile from the WCET Annual Meeting (video),,
9,Third-Party Providers,/focus-areas/managing-elearning/third-party-providers,"<h3>News</h3> <ul> <li><a href=""http://delicious.com/wcet/thirdpartyproviders"" target=""_blank"">something went wrong</a></li> <li><a href=""http://www.educationdive.com/news/utep-vp-institutions-should-think-strategically-about-online-programming/349370/"" target=""_blank"">UTEP VP: Institutions should think strategically about online programming</a></li> <li><a href=""http://www.educationdive.com/news/us-ed-dept-issues-guidance-on-third-party-student-aid-servicers/351303/"" target=""_blank"">U.S. Ed Dept issues guidance on third-party student aid servicers</a></li> <li><a href=""http://www.evolllution.com/operations_efficiency/happy-medium-outsourcing-local-control-partnering/"" target=""_blank"">The Happy Medium: On Outsourcing, Local Control and Partnering</a></li> </ul> <h3>Events</h3> <p>WCET 2013 Annual Meeting:<br /> <a href=""http://wcetconference2013.wiche.edu/schedule.php?show=223"" target=""_blank"">Outsourcing - Creating Great Partnerships</a></p> <h3>Resources</h3> <p><a href=""http://www.educause.edu/research-publications/books/game-changers-education-and-information-technologies"" target=""_blank"">Game Changers by Diana Oblinger</a></p> <h3>Third-party Providers</h3> <p>e-Learning administrators work with all kinds of third-party vendors. For distance education, there are learning management systems and course design and development. An increasing number of institutions develop contracts with third-party providers for their services. However, ultimately, it is the institution&#39;s responsibility to be accountable to accreditors, students, faculty, and to the institution&#39;s overall reputation and brand. It is essential that institutional providers of online and distance education develop strong relationships and partnerships with any third-party providers.</p> <h2>Talking Points</h2> <ul> <li><a href=""/sites/default/files/docs/talking-points/Vendor-Best-Practices-Info.pdf"">How to Successfully Choose and Develop a Relationship with Vendors</a></li> </ul> <h2>Frontiers Blog</h2> <ul> <li><a href=""/sites/default/files/docs/talking-points/Vendor-Best-Practice-Checklist.docx"" target=""_blank"">Steps in Forming a Good Partnership with Third Party Vendors</a></li> </ul> <h2>Additional WCET Resources</h2> <ul> <li><a href=""http://www.wcet.wiche.edu/wcet/docs/talking-points/VendorBestPracticeChecklist.docx"">Best Practice Checklist for Choosing and Working with Third Party Vendors</a></li> </ul>",134,,,http://www.educause.edu/research-publications/books/game-changers-education-and-information-technologies,Game Changers by Diana Oblinger,,,/sites/default/files/docs/talking-points/WCET-TalkingPoints-Vendor-Best-Practices-Info.pdf,How to Successfully Choose and Develop a Relationship with Vendors,,,,,,,,,http://www.wcetconference2013.wiche.edu/schedule.php?show=223,Outsourcing - Creating Great Partnerships,,,/sites/default/files/docs/talking-points/WCET-TalkingPoints-Vendor-Best-Practice-Checklist.docx,Best Practice Checklist for Choosing and Working with Third Party Vendors
10,State and Federal Regulations on State Authorization of Distance Education,/focus-areas/policy-and-regulation/state-authorization,"<h3>State Authorization of Out-of-State Institutions</h3> <p>Whether via distance education, practical experiences, or face-to-face, states expect that institutions obtain approval before enrolling students, advertising, marketing, or performing other regulated activities in their state. The requirements as to which activities require authorization, the application processes, and the costs to comply vary greatly from state-to-state.</p> <p>In 2010, the U.S. Department of Education issued a regulation tying an institution&#39;s ability to offer federal financial aid in a state to the institution being authorized in the student&#39;s state. The regulation was subsequently &quot;vacated&quot; by federal court ruling and is not currently being enforced. The Department is currently in the process of reinstating the regulation. Regardless of the status of the federal regulation, states still expect institutions to follow their laws and regulations.</p> <ul> <li><a href=""/focus-areas/policy-and-regulation/state-authorization/history"" target=""_blank"">History of State Authorization</a></li> <li><a href=""/focus-areas/policy-and-regulation/state-authorization/requirements"" target=""_blank"">State Approval Requirements</a></li> <li><a href=""/focus-areas/policy-and-regulation/state-authorization/starter-list"" target=""_blank"">Getting Started with State Approval</a></li> <li><a href=""/focus-areas/policy-and-regulation/state-authorization/samples"" target=""_blank"">Sample Letters, Complain Processes, and Webpages</a></li> <li><a href=""/focus-areas/policy-and-regulation/state-authorization/complaints"" target=""_blank"">Student Complaints</a></li> <li><a href=""/focus-areas/policy-and-regulation/state-authorization/reciprocal-agreements"" target=""_blank"">Reciprocal Agreements</a></li> </ul>",66,,,"http://www.sheeo.org/stateauth/stateauth-home.htm,http://www.nc-sara.org/,https://www.ncsbn.org/4841.htm","SHEEO Surveys of State laws and Regulatory Practices,SARA: National Commission for State Authorization Reciprocity Agreements,Nursing Prelicensure Distance Education Requirements from the National Council of State Boards of Nursing",,,/sites/default/files/docs/state-auth/State-Authorization-WCETTwo-pager-06-18-15.pdf,State and Federal Regulations on 'State Authorization' of Distance Education (July 2015),,,,,"/sites/default/files/docs/state-auth/WCET-UPCEA-SloanC-State-Authorization-Survey-Press-Release-March-2013.pdf,/initiatives/research/upcea-wcet-sa-survey","Colleges Moving Slowly Toward State Authorization Compliance or Opting Out of States (March 20, 2013),What are Institutions Doing (or Not Doing) about State Authorization (May 2014)","/events/webcasts/higher-education-reauthorization-act,/events/webcasts/whats-new-with-sara","The Upcoming Higher Education Act Reauthorization: Why the e-Learning Community Should Pay Attention (April 2014),What's New with SARA? Update on the National State Reciprocity Agreement (January 2014)","/events/SAN-workshop/july-2015, /events/SAN-workshop/march-2015,/events/webcasts/SAN/state-auth-future-for-regs-and-reciprocity","State Authorization Compliance Workshop: For those Getting Started,State Authorization Network Rendezvous with Regulators,Two Webcast Series on State Authorization",,,,
11,Accessibility,/focus-areas/policy-and-regulation/accessibility,"<h3>Recent News on<br /> Accessibility</h3> <ul> <li><a href=""http://delicious.com/wcet/accessibility"" target=""_blank"">something went wrong</a></li> <li><a href=""http://chronicle.com/blogs/profhacker/how-to-evaluate-your-web-pages-for-accessibility/60485?cid=pm&amp;utm_source=pm&amp;utm_medium=en"" target=""_blank"">How to Evaluate Your Web Pages for Accessibility</a></li> <li><a href=""http://www.3playmedia.com/2014/01/10/future-accessibility-video-captions-according-google-youtube/"" target=""_blank"">Accessibility and Video Captions According to Google and YouTube</a></li> <li><a href=""http://www.fastcodesign.com/3047545/googles-guide-to-designing-with-empathy"" target=""_blank"">Google&#39;s Guide To Designing With Empathy</a></li> <li><a href=""http://www.educause.edu/ero/article/accommodations-accessibility-creating-learning-environments-work-all"" target=""_blank"">From Accommodations to Accessibility: Creating Learning Environments That Work for All</a></li> </ul> <h3>Events</h3> <p><a href=""http://wcetconference2014.wiche.edu/session/google-glass-explore-capture-share"" target=""_blank"">Google Glass: Explore, Capture and Share</a></p> <h3>Resources</h3> <p><a href=""http://www.accessiblecampus.ca/"" target=""_blank"">Accessible Campus, by Council of Ontario Universities</a></p> <p><a href=""http://www.inacol.org/wp-content/uploads/2014/11/iNACOL-Access-and-Equity-for-All-Learners-in-Blended-and-Online-Education-Oct2014.pdf"">Access and Equity for All Learners in Blended and Online Education</a></p> <p><a href=""http://net.educause.edu/content.asp?SECTION_ID=631&amp;bhcp=1"" target=""_blank"">Coding, Captioning, and Courses: Accessibility in the Digital Age</a></p> <p><a href=""http://www.uwex.edu/disted/conference/resource_library/search_detail.cfm?presid=62254"" target=""_blank"">Faculty Peer Review and its Effect on Course Accessibility</a></p> <p><a href=""http://jaln.sloanconsortium.org/index.php/jaln/article/view/352/46"" target=""_blank"">Programmatic, Systematic, Automatic: An Online Course Accessibility Support Model</a></p> <h3>Accessibility</h3> <p>At its root, accessibility is about providing all students, online or on-ground, with equal opportunity to learn. For online and technology-enhanced higher education, extra steps must be taken to ensure that course materials, social media and other interactive tools have been designed in a manner that allows all students to utilize them. Several laws are in place to ensure that students are able to gain the access they need to educational materials. The resources provided here will help you and your institution set your students up for success by providing learning materials in formats that are accessible.</p> <h2>Talking Points</h2> <ul> <li><a href=""/sites/default/files/docs/talking-points/WCET-TalkingPoints-Accessibility-2014.pdf"" target=""_blank"">Accessibility of Online Course Materials</a></li> </ul> <h2>Lessons Learned</h2> <ul> <li><a href=""/sites/default/files/docs/resources/Lessons-Learned-Accessibility-2014.pdf"" target=""_blank"">Implementing a Systematic Approach to Online Course Accessibility</a></li> </ul> <h2>Questions &amp; Answers</h2> <ul> <li><a href=""/wcet/docs/lessons-learned/WCETLessonsLearned-Accessibility2014.pdf"" target=""_blank"">A</a><a href=""/sites/default/files/docs/q-and-a/WCET-QA-Issues-In-Online-Learning-2014.pdf"">ccessibility Issues in Online Learning</a></li> <li><a href=""/sites/default/files/docs/q-and-a/WCET-QA-Policy-Procedure-Training-2014.pdf"">Policy, Procedure, and Training for Accessibility</a></li> </ul> <h2>Frontiers Blog</h2> <ul> <li><a href=""https://wcetblog.wordpress.com/2015/02/04/federal-reg-updates/"" target=""_blank"">Federal Reg Updates: Teacher Prep, Ratings System, TEACH Act, &amp; Net Neutrality</a></li> <li><a href=""http://wcetblog.wordpress.com/2013/05/16/inaccessibility/"" target=""_blank"">Five More Years of Innaccessibility?</a></li> <li><a href=""http://wcetblog.wordpress.com/2011/03/16/web-accessibility-what-will-it-take-to-sustain-online-accessibility/"" target=""_blank"">Web Accessibility: What Will It Take to Sustain Online Accessibility?</a></li> </ul> <h2>Webcast Archives</h2> <ul> <li><a href=""/events/webcasts/mobile-apps-for-disabled"" target=""_blank"">Mobile Apps Support and Services for Students with Disabilities</a> Robbie Melton &amp; Megan Raymond (May 2013)</li> </ul> <h2>Additional WCET Resources</h2> <ul> <li><a href=""/sites/default/files/docs/resources/Accessibility-Online-Courses-TrendsTipsTools.pdf"" target=""_blank"">Accessibility in Online Courses - Trends, Tips &amp; Tools</a></li> </ul>",140,,,http://www.accessiblecampus.ca/,Accessible Campus,,,/sites/default/files/docs/talking-points/WCET-TalkingPoints-Accessibility-2014.pdf,Accessibility of Online Course Materials,"/sites/default/files/docs/q-and-a/WCET-QA-Issues-In-Online-Learning-2014.pdf,/sites/default/files/docs/q-and-a/WCET-QA-Policy-Procedure-Training-2014.pdf","Accessibility Issues in Online Learning, Policy, Procedure, and Training for Accessibility",,,,,/events/webcasts/mobile-apps-for-disabled,Mobile Apps Support and Services for Students with Disabilities,http://www.wcetconference2014.wiche.edu/session/google-glass-explore-capture-share,"Google Glass: Explore,Capture and Share",,,"/sites/default/files/docs/resources/Lessons-Learned-Accessibility-2014.pdf,/sites/default/files/docs/resources/Accessibility-Online-Courses-TrendsTipsTools.pdf","Implementing a Systematic Approach to Online Course Accessibility,Accessibility in Online Courses - Trends, Tips & Tools"
12,Academic Integrity,/focus-areas/student-success/academic-integrity,"<p><strong>Academic Integrity Online and In Person: How Do We Get it?</strong><br /> Tricia Bertram Gallant, May 2013.</p> <h3>Recent News on<br /> Academic Integrity</h3> <ul> <li><a href=""http://delicious.com/wcet/academicintegrity"" target=""_blank"">something went wrong</a></li> <li><a href=""http://www.nebhe.org/thejournal/cheating-student-authentication-and-proctoring-in-online-programs"" target=""_blank"">Cheating, Student Authentication and Proctoring in Online Programs</a></li> <li><a href=""https://www.insidehighered.com/news/2015/07/14/turnitin-faces-new-questions-about-efficacy-plagiarism-detection-software"" target=""_blank"">What Is Detected?</a></li> <li><a href=""http://turnitin.com/en_us/resources/blog/2396-q-a-on-changing-culture-to-promote-integrity-why-progress-is-possible"" target=""_blank"">Q&amp;A on Changing Culture to Promote Integrity: Why Progress Is Possible</a></li> <li><a href=""http://www.universitybusiness.com/article/ensuring-academic-integrity-higher-ed"" target=""_blank"">Ensuring academic integrity in higher ed</a></li> </ul> <h3>Events</h3> <p>WCET 2013 Annual Meeting<br /> <a href=""http://wcetconference2013.wiche.edu/search.php?tbCriteria=Academic+Integrity+Clarifications&amp;x=0&amp;y=0"" target=""_blank"">Let&#39;s Map! Academic Integrity Clarifications</a>. See the <a href=""/sites/default/files/docs/events/annual-meeting/2013-Lets-Map-Academic-Integrity.pdf"" target=""_blank"">session summary</a>.</p> <p>WCET 2012 Annual Meeting<br /> <a href=""/sites/default/files/events/annual-meeting/2012-REImaging-Academic-Integrity-Slides.pdf"" target=""_blank"">Reimagining Academic Integrity</a> (see Selected Sources)</p> <h3>Resources</h3> <p><a href=""http://www.academicintegrity.org/icai/assets/AIRS.pdf"" target=""_blank"">Academic Integrity Rating System (AIRS)</a>, International Center for Academic Integrity</p> <p><a href=""/sites/default/files/docs/publications/RAC-Guidelines-and-Policy-Feb-2013.pdf"" target=""_blank"">Guidelines for the Review and Evaluation of Distance Education</a></p> <p><a href=""http://integritytrusted.com/"">Trusted Seal of Integrity</a></p> <h3>Academic Integrity</h3> <p>Academic integrity is a complex issue and yet a critical one for institutions to address. Since the HEOA of 2008, academic integrity now is entwined with the federal requirement that accreditors ensure programs have processes to verify student identity. WCET has led a number of important efforts to clarify, inform, educate, and lead good practices for academic integrity. WCET&#39;s Academic Integrity and Student Authentication Common Interest Group (CIG) continues its work to identify and disseminate information on promising practices to promote integrity of which identity authentication is but one component.</p> <h2>WCET&#39;s CIG on Academic Integrity</h2> <ul> <li><a href=""/sites/default/files/docs/resources/Academic-Integrity-Checklist-2013.pdf"" target=""_blank"">Academic Integrity Self-Check</a> (May 2013) WCET</li> <li><a href=""/sites/default/files/docs/resources/Policy-Review.pdf"" target=""_blank"">Academic Integrity Policy &amp; Procedure Review Project</a> (August 2011)</li> <li><a href=""/sites/default/files/docs/resources/Best-Practices-Promote-Academic-Integrity-2009.pdf"" target=""_blank"">Best Practice Strategies to Promote Academic Integrity in Online Education</a> (June 2009), WCET, UT TeleCampus, ITC</li> </ul> <h2>Frontiers Blog</h2> <ul> <li><a href=""https://wcetblog.wordpress.com/2015/02/17/empowering-practices-3-steps-you-can-take-now-to-improve-academic-integrity/"">Empowering Practices: 3 Steps You Can Take Now to Improve Academic Integrity</a> (February 17, 2015)</li> <li><a href=""http://wcetblog.wordpress.com/2013/08/21/academic-integrity-fvs/"" target=""_blank"">Academic Integrity: Florida Virtual School&#39;s Systematic and Scalable Solutions</a> (August 21, 2013)</li> <li><a href=""http://wcetblog.wordpress.com/2012/02/10/test-proctoring-an-old-solution-to-a-reemerging-problem/"" target=""_blank"">Test Proctoring: An Old Solution to a (Re)Emerging Problem</a> (February 2012)</li> </ul> <h2>Webcast Archives</h2> <ul> <li><a href=""http://www.learninghouse.com/academic-integrity-and-student-authentication/"" target=""_blank"">Academic Integrity and Student Authentication in Online Learning</a> (May 23, 2013) for the Learning House by Luke Dowden, Mollie McGill, Matt Prineas.</li> <li><a href=""http://www.learninghouse.com/connect2013/downloads/Connect2013_TacklingStudentAuthentication.pdf"" target=""_blank"">Tackling Student Authentication</a> (June 27, 2013) by Luke Dowden on behalf of WCET for the Learning House Annual Meeting.</li> </ul> <h2>Additional WCET Resources</h2> <p><a href=""/sites/default/files/docs/publications/Briefing-Paper-Feb-2008.pdf"" target=""_blank"">Are Your Online Students Really the Ones Registered for the Course?: Student Authentication Requirements for Distance Education Providers</a> (February 2008)</p> <p>&nbsp;</p> <p>&nbsp;</p>",-,,,"http://www.academicintegrity.org/icai/assets/AIRS.pdf,/sites/default/files/docs/publications/RAC-Guidelines-and-Policy-Feb-2013.pdf,http://integritytrusted.com/","Academic Integrity Rating System (AIRS),Guidelines for the Review and Evaluation of Distance Education,Trusted Seal of Integrity",,,,,,,,,,,"http://www.learninghouse.com/academic-integrity-and-student-authentication/,http://www.learninghouse.com/connect2013/downloads/Connect2013_TacklingStudentAuthentication.pdf","Academic Integrity and Student Authentication in Online Learning,Tackling Student Authentication","http://www.wcetconference2013.wiche.edu/search.php?tbCriteria=Academic+Integrity+Clarifications&x=0&y=0,/sites/default/files/docs/events/annual-meeting/2013-Lets-Map-Academic-Integrity.pdf,/sites/default/files/events/annual-meeting/2012-REImaging-Academic-Integrity-Slides.pdf","Let's Map! Academic Integrity Clarifications,session summary,Reimagining Academic Integrity",,,"/sites/default/files/docs/publications/Briefing-Paper-Feb-2008.pdf,/sites/default/files/docs/resources/Academic-Integrity-Checklist-2013.pdf,/sites/default/files/docs/resources/Policy-Review.pdf,/sites/default/files/docs/resources/Best-Practices-Promote-Academic-Integrity-2009.pdf ","Are Your Online Students Really the Ones Registered for the Course?: Student Authentication Requirements for Distance Education Providers,Academic Integrity Self-Check,Academic Integrity Policy & Procedure Review Project,Best Practice Strategies to Promote Academic Integrity in Online Education"
13,Competency-based Education,/focus-areas/student-success/competency-based-education,"<h3>Recent News on<br /> Competency-based Education</h3> <ul> <li><a href=""http://campustechnology.com/articles/2015/07/21/regent-ed-software-supports-accounting-for-competency-based-programs.aspx"" target=""_blank"">Regent Ed Software Supports Accounting for Competency-Based Programs</a></li> <li><a href=""https://www.insidehighered.com/news/2015/07/23/senate-hearing-features-familiar-tensions-between-innovation-and-quality-assurance"" target=""_blank"">Caution and Competency</a></li> <li><a href=""http://delicious.com/wcet/competencybasedlearning"" target=""_blank"">something went wrong</a></li> <li><a href=""http://www.educause.edu/ero/article/strange-bedfellows-how-think-about-innovation-world-regulation?utm_source=Informz&amp;utm_medium=Email+marketing&amp;utm_campaign=EDUCAUSE"" target=""_blank"">Strange Bedfellows: How to Think about Innovation in a World of Regulation</a></li> <li><a href=""http://www.mathematica-mpr.com/~/media/publications/pdfs/education/cbe_bestpractices_ifbrief.pdf"" target=""_blank"">Best Practices in Competency-based Education: Lessons from Three Colleges</a></li> </ul> <h3>Events</h3> <p><a href=""/events/summits/alternative-credentials-2014"">WCET Leadership Summit: Desgining Alternative Pathways to Credentials</a></p> <h3>Resources</h3> <p><a href=""http://bbbb.blackboard.com/CurrencyofHigherEducation"">The Currency of Higher Education Credits and Competencies </a></p> <p><a href=""http://home.pearsonhighered.com/what-we-do/online-learning/competency-based-education-resources.html"">Pearson Higher Education Resources.</a></p> <p><a href=""http://strategylabs.luminafoundation.org/higher-education-state-policy-agenda/core-element-three/action-18/"">Lumina Foundation Strategy Labs.</a></p> <p><a href=""http://degreeprofile.org/"">Degree Qualifications Profile </a>(Lumina Foundation &amp; NILOA)</p> <p><a href=""http://www.achieve.org/files/AchieveCBPTheImperativeforStateLeadership.pdf"">Advancing Competency-based Pathways to College &amp; Career Readiness.</a></p> <p><a href=""http://www.educause.edu/library/competency-based-education-cbe"">EDUCAUSE Resources.</a></p> <p><a href=""http://cbeinfo.org"">CBEinfo.org</a></p> <p><a href=""http://www.cbenetwork.org/"">Competency-based Education Network (C-BEN).</a></p> <p><a href=""http://www.nebhe.org/events/cbe/"">The Case for Competency Based Education: A New Age of Teaching and Learning?</a></p> <h3>Competency-based Education</h3> <p>Competency-based education is an educational delivery model which assesses a students mastery of pre-defined competencies for advancement toward a credential. Competency-based education uses learning instead of time as the measure of student success. Inherent to this model&#39;s use of defined learning outcomes, CBE leads to greater transparency and accountability to students and stakeholders. While many are still debating the definition of &#39;competency,&#39; programs are growing rapidly to help meet national completion goals.</p> <p>Many competency-based education programs appeal to the many students with some credits but no degree. Competency-based programs offer the flexibility, defined outcomes which increase employability, and acceptance of prior learning that make them attractive to this burgeoning demographic.</p> <h2>WCET Videos</h2> <p><a href=""https://www.youtube.com/playlist?list=PLMoUVYggd4dOwp_H0XLlX62cBinnpr-I-"">WCET Leadership Summit: Defining Alternative Pathways to Credentials Videos</a></p> <h2>WCET Publications</h2> <p><a href=""/sites/default/files/docs/events/summit/2014-All-Hands-On-Deck-Final.pdf"">All Hands on Deck: Ten Lessons from Early Adopters of Competency-Based Education</a></p> <h2>Additional WCET Resources</h2> <p><a href=""/sites/default/files/docs/resources/Competency-Based-Education-In-Depth-Resource-2014.pdf"">Competency-Based Education In-Depth Session Resource 2014</a></p> <h2>Frontiers Blogs</h2> <ul> <li><a href=""http://wcetblog.wordpress.com/2013/09/19/wisconsin-flexible-option/"">Wisconsin&rsquo;s Flexible Option: A System Approach to Competency-Based Education</a></li> <li><a href=""http://wcetblog.wordpress.com/2013/03/19/northern-arizona-university/"">Competency-Based Learning at Northern Arizona University (&amp; New USDOE Rules)</a></li> <li><a href=""http://wcetblog.wordpress.com/2014/10/28/cbeinfoorg/"">Community Colleges Adapt to CBE for the Benefit of Their Students</a></li> <li><a href=""http://wcetblog.wordpress.com/2014/10/22/u-pace/"">U-Pace: Building Student Success Through Content Mastery &amp; Proactive Support</a></li> <li><a href=""http://wcetblog.wordpress.com/2014/10/15/ctuintellipath/"">Intellipath for MBA preparation</a></li> <li><a href=""http://wcetblog.wordpress.com/2014/10/09/capella-university-flexpath/"">Capella University FlexPathâ€‹</a></li> <li><a href=""http://wcetblog.wordpress.com/2014/05/20/summitdapc/"">Glimpse into WCET Leadership Summit: Designing Alternative Pathways to Credentials</a></li> </ul>",-,,https://www.youtu.be/jhStdLoLYdM?list=PLMoUVYggd4dO0_LPzZXX1BopQQryz25ny,http://www.bbbb.blackboard.com/CurrencyofHigherEducation,The Currency of Higher Education Credits and Competencies,http://www.feeds.delicious.com/wcet/competencybasedlearning,https://www.wcetblog.wordpress.com/category/competency-based-learning/feed/,,,,,/sites/default/files/docs/events/summit/2014-All-Hands-On-Deck-Final.pdf,All Hands on Deck: Ten Lessons from Early Adopters of Competency-Based Education,,,,,/events/summits/alternative-credentials-2014,WCET Leadership Summit: Designing Alternative Pathways to Credentials,http://www.youtube.com/playlist?list=PLMoUVYggd4dOwp_H0XLlX62cBinnpr-I-,WCET Leadership Summit: Defining Alternative Pathways to Credentials Videos,/sites/default/files/docs/resources/Competency-Based-Education-In-Depth-Resource-2014.pdf,Competency-Based Education In-Depth Session Resource 2014
14,Learning Analytics,/focus-areas/student-success/learning-analytics,"<h3>Recent News on<br /> Learning Analytics</h3> <ul> <li><a href=""http://delicious.com/wcet/analytics"" target=""_blank"">something went wrong</a></li> <li><a href=""http://bluecanarydata.com/dont-hype-analytics/"" target=""_blank"">Don&#39;t Hype Analytics</a></li> <li><a href=""http://campustechnology.com/articles/2015/04/01/par-framework-partners-with-american-institutes-for-research.aspx"" target=""_blank"">PAR Framework Partners with American Institutes for Research</a></li> <li><a href=""http://campustechnology.com/Articles/2015/03/12/9-Ways-to-Doom-Your-Data-Analytics-Efforts.aspx?utm_source=Sailthru&amp;utm_medium=email&amp;utm_term=Education%20Dive:%20Higher%20Ed&amp;utm_campaign=Issue:%202015-03-13%20Higher%20Ed%20Education%20Dive%20Newsletter&amp;Pa"" target=""_blank"">9 Ways to Doom Your Data Analytics Efforts</a></li> <li><a href=""http://communitycollegespotlight.org/content/analytics-can-raise-success-rates_17545/"" target=""_blank"">Analytics can Raise Success Rates</a></li> </ul> <h3>Events</h3> <p><a href=""/events/bootcamp"" target=""_blank"">WCET Boot Camp</a></p> <p><a href=""/events/summits/data-summit-2013"" target=""_blank"">WCET Leadership Summit: Under the Sword of Data</a></p> <p>WCET 2013 Annual Meeting:<br /> <a href=""http://wcetconference2013.wiche.edu/search.php?tbCriteria=learning+analytics&amp;x=0&amp;y=0"" target=""_blank"">Leveraging Analytics to Improve Online Courses</a><br /> <a href=""http://wcetconference2013.wiche.edu/schedule.php?show=288"" target=""_blank"">Top Lessons Learned from the PAR Framework</a><br /> <a href=""http://wcetconference2013.wiche.edu/schedule.php?show=235"" target=""_blank"">Using Learner Analytics Across Institutions</a><br /> <a href=""http://wcetconference2013.wiche.edu/search.php?tag=Predictive%20Analytics%20Reporting%20Framework"" target=""_blank"">The PAR Framework Project</a></p> <h3>Resources</h3> <p><a href=""http://parframework.org/"">Predictive Analytics Reporting (PAR) Framework.</a></p> <p><a href=""http://www.civitaslearningspace.com/predictive_analytics_reading_resources/"" target=""_blank"">Predictive Analytics: Reading Resources</a></p> <h3>Learning Analytics</h3> <p>Data driven decision making is part of the business intelligence methodologies framework that has transformed such diverse industries as online marketing, ecommerce, digital self-service and online dating. As a derivative of these business intelligence methodologies, learning analytics help inform institutional decision making utilizing data institutions already collect. This can focus energy and resources at points of demonstrated need to support student success through improved retention and progress toward completion of certificates and degrees.</p> <h2>Frontiers Blogs</h2> <ul> <li><a href=""http://wcetblog.wordpress.com/2013/06/18/undertheswordofdata/"" target=""_blank"">WCET Leadership Summit: Under the Sword of Data Highlights.</a></li> <li><a href=""http://wcetblog.wordpress.com/2011/10/05/learning-analytics-lessons-from-moneyball/"" target=""_blank"">Learning Analytics Lessons from Moneyball.</a></li> <li><a href=""http://wcetblog.wordpress.com/2011/05/11/learning-analytics/"" target=""_blank"">Learning Analytics: Discovering What Students Really Need to Succeed.</a></li> </ul> <p>&nbsp;</p>",-,,https://www.youtu.be/DKHnxm1f_HM?list=PLVwavmSEaasG4n2mpX-btZMrSPUnxaAZB,"http://www.parframework.org/,http://www.civitaslearningspace.com/predictive_analytics_reading_resources/","Predictive Analytics Reporting (PAR) Framework,Predictive Analytics: Reading Resources",,,,,,,,,,,,,"/events/bootcamp, /events/summits/data-summit-2013","WCET Boot Camp,WCET Leadership Summit: Under the Sword of Data",,,,
15,Prior Learning Assessment,/focus-areas/student-success/prior-learning-assessment,"<h3>Recent News on Prior Learning Assessment</h3> <ul> <li><a href=""http://delicious.com/wcet/priorlearning"" target=""_blank"">something went wrong</a></li> <li><a href=""http://www.evolllution.com/distance_online_learning/improving-student-success-pla-portfolios/"" target=""_blank"">Improving Student Success with PLA Portfolios</a></li> <li><a href=""http://www.acenet.edu/news-room/Pages/Credit-for-Prior-Learning-Charting-Institutional-Practice-for-Sustainability.aspx"" target=""_blank"">Credit for Prior Learning: Charting Institutional Practice for Sustainability</a></li> <li><a href=""https://www.insidehighered.com/news/2015/01/13/feds-move-ahead-experimental-sites-competency-based-education"" target=""_blank"">Experimenting with Competency</a></li> <li><a href=""http://www.plaio.org/index.php/home/article/view/74"" target=""_blank"">What are your thoughts on current and future trends in the evaluation of workplace learning?</a></li> </ul> <h3>Events</h3> <p><a href=""/events/summits/alternative-credentials-2014"" target=""_blank"">WCET Leadership Summit: Alternative Pathways to Credentials</a></p> <h3>Resources</h3> <p><a href=""http://www.acenet.edu/news-room/Pages/Credit-for-Prior-Learning-Charting-Institutional-Practice-for-Sustainability.aspx"">Credit for Prior Learning: Charting Institutional Practice for Sustainability </a></p> <p><a href=""http://www.acenet.edu/higher-education/topics/Pages/Prior-Learning-Assessments.aspx"" target=""_blank"">American Council on Education, Prior Learning Assessments</a></p> <p><a href=""http://www.sbctc.ctc.edu/college/_e-assesspriorlearning.aspx"" target=""_blank"">Guidelines for Prior Learning Assessment</a>, by the Washington State Board for Community</p> <p><a href=""http://www.learningcounts.org/"" target=""_blank"">Learning Counts</a></p> <p><a href=""http://www.plaio.org/index.php/home"" target=""_blank"">PLA Inside Out (PLAIO)</a></p> <h3>Prior Learning Assessment</h3> <p>Prior Learning Assessment (PLA) is used to describe the process of evaluating learning gained outside the college classroom. PLA has been an option for college students, especially returning adult learners and military personnel, to advance their degree-seeking goals. PLA has gained greater prominence recently as one key component in examining all alternative pathways to credentials. The three common methods of assessing prior learning include examinations, review of training, and portfolio assessment.</p> <h2>Talking Points</h2> <ul> <li><a href=""/sites/default/files/docs/talking-points/WCET-TalkingPoints-PLA.pdf"" target=""_blank"">Prior Learning Assessment</a></li> </ul> <h2>Frontiers Blog</h2> <ul> <li><a href=""http://wcetblog.wordpress.com/2012/11/15/accn/"" target=""_blank"">Partnering to Better Serve Adults</a></li> </ul> <p>&nbsp;</p>",149,,,"http://www.acenet.edu/news-room/Pages/Credit-for-Prior-Learning-Charting-Institutional-Practice-for-Sustainability.aspx,http://www.acenet.edu/higher-education/topics/Pages/Prior-Learning-Assessments.aspx,http://www.sbctc.ctc.edu/college/_e-assesspriorlearning.aspx,http://www.learningcounts.org/,http://www.plaio.org/index.php/home","Credit for Prior Learning: Charting Institutional Practice for Sustainability,American Council on Education,Prior Learning Assessments,Guidelines for Prior Learning Assessment,Learning Counts,PLA Inside Out (PLAIO)",,,/sites/default/files/docs/talking-points/WCET-TalkingPoints-PLA.pdf,Prior Learning Assessment,,,,,,,,,/events/summits/alternative-learning-credentials-2014,WCET Leadership Summit: Alternative Pathways to Credentials,,,,
16,Student Authentication,/focus-areas/student-success/student-authentication,"<h3>Recent News on<br /> Student Authentication</h3> <ul> <li><a href=""http://www.nebhe.org/thejournal/cheating-student-authentication-and-proctoring-in-online-programs"" target=""_blank"">Cheating, Student Authentication and Proctoring in Online Programs</a></li> <li><a href=""http://delicious.com/wcet/authentication"" target=""_blank"">something went wrong</a></li> </ul> <h3>Events</h3> <p>WCET 2013 Annual Meeting:<br /> <a href=""http://wcetconference2013.wiche.edu/search.php?tbCriteria=Academic+Integrity+Clarifications&amp;x=0&amp;y=0"" target=""_blank"">Let&#39;s Map! Academic Integrity Clarifications</a>. See the <a href=""/sites/default/files/docs/events/annual-meeting/2013-Lets-Map-Academic-Integrity.pdf"" target=""_blank"">session summary</a>.</p> <p>WCET 2012 Annual Meeting:<br /> <a href=""http://www.slideshare.net/WCETConference2010/student-fraud?from_search=1"" target=""_blank"">Student Fraud: A Problem You Can&#39;t Ignore</a></p> <h3>Resources</h3> <p><a href=""http://www.ncta-testing.org/cctc/"" target=""_blank"">Consortium of College Testing Centers of the National College Testing Association</a></p> <h3>Student Authentication</h3> <p>Student authentication in distance education has been an issue of interest to federal policy makers for several years. The growth in enrollments and in the number of educational providers of online learning fueled concerns about the ability of institutions to verify the identity of online students throughout the cycle of an online course: registration, participation, assessment, academic credit. Passage of the Higher Education Opportunity Act of 2008, followed by federal rule making, resulted in new regulations. One regulation required accrediting agencies to assure distance and correspondence education programs have processes in place to verify student identity. WCET has led a number of important efforts aimed at informing policy makers, accrediting agency leaders, and online program administrators of different approaches - pedagogical as well as technological - that ensure their compliance with the regulation but also raise the conversation to a more widely relevant discussion of academic integrity.</p> <h2>Frontiers Blog</h2> <ul> <li><a href=""http://wcetblog.wordpress.com/2014/02/26/financial-aid-fraud/"" target=""_blank"">Proposed Safeguards Against Financial Aid Fraud: Some Needed, Some Go Too Far</a></li> <li><a href=""http://wcetblog.wordpress.com/2012/02/10/test-proctoring-an-old-solution-to-a-reemerging-problem/"" target=""_blank"">Test Proctoring: an Old Solution to a (Re)Emerging Problem</a></li> </ul> <h2>Webcasts</h2> <ul> <li><a href=""http://bvirtualinc.com/webcast-follow-up-panel-discussion-guarding-the-future-of-online-learning-through-student-authentication-and-proctoring/"" target=""_blank"">Guarding the Future of Online Learning through Student Authentication and Proctoring</a></li> <li><a href=""http://www.learninghouse.com/connect2013/downloads/Connect2013_TacklingStudentAuthentication.pdf"" target=""_blank"">Tackling Student Authentication</a></li> </ul> <h2>Additional WCET Resources</h2> <p><a href=""/sites/default/files/docs/publications/Briefing-Paper-Feb-2008.pdf"" target=""_blank"">Are Your Online Students Really the Ones Registered for the Course?</a></p>",97,,,http://www.ncta-testing.org/cctc/,Consortium of College Testing Centers of the National College Testing Association,,,,,,,,,,,"http://www.bvirtualinc.com/webcast-follow-up-panel-discussion-guarding-the-future-of-online-learning-through-student-authentication-and-proctoring/,http://www.learninghouse.com/connect2013/downloads/Connect2013_TacklingStudentAuthentication.pdf","Guarding the Future of Online Learning through Student Authentication and Proctoring,Tackling Student Authentication,","http://www.wcetconference2013.wiche.edu/search.php?tbCriteria=Academic+Integrity+Clarifications&x=0&y=0,http://www.slideshare.net/WCETConference2010/student-fraud?from_search=1","WCET 2013 Annual Meeting,WCET 2012 Annual Meeting",,,/sites/default/files/docs/publications/Briefing-Paper-Feb-2008.pdf,Are Your Online Student Really the Ones Registered for the Course?